scenario,debtor,creditor,nominal_cents,paid_cents
anchor-000-pct,A,B,800000/1,800000/1
anchor-000-pct,A,OUTSIDE,200000/1,200000/1
anchor-000-pct,B,C,640000/1,640000/1
anchor-000-pct,B,OUTSIDE,160000/1,160000/1
anchor-000-pct,C,D,512000/1,512000/1
anchor-000-pct,C,OUTSIDE,128000/1,128000/1
anchor-000-pct,D,OUTSIDE,500000/1,500000/1
anchor-000-pct,E,F,300000/1,300000/1
anchor-000-pct,E,OUTSIDE,100000/1,100000/1
anchor-000-pct,F,E,220000/1,220000/1
anchor-000-pct,F,OUTSIDE,80000/1,80000/1
anchor-000-pct,G,E,50000/1,50000/1
anchor-000-pct,G,H,150000/1,150000/1
anchor-000-pct,G,OUTSIDE,50000/1,50000/1
anchor-000-pct,H,F,50000/1,50000/1
anchor-000-pct,H,OUTSIDE,100000/1,100000/1
anchor-010-pct,A,B,800000/1,720000/1
anchor-010-pct,A,OUTSIDE,200000/1,180000/1
anchor-010-pct,B,C,640000/1,616000/1
anchor-010-pct,B,OUTSIDE,160000/1,154000/1
anchor-010-pct,C,D,512000/1,512000/1
anchor-010-pct,C,OUTSIDE,128000/1,128000/1
anchor-010-pct,D,OUTSIDE,500000/1,500000/1
anchor-010-pct,E,F,300000/1,300000/1
anchor-010-pct,E,OUTSIDE,100000/1,100000/1
anchor-010-pct,F,E,220000/1,220000/1
anchor-010-pct,F,OUTSIDE,80000/1,80000/1
anchor-010-pct,G,E,50000/1,50000/1
anchor-010-pct,G,H,150000/1,150000/1
anchor-010-pct,G,OUTSIDE,50000/1,50000/1
anchor-010-pct,H,F,50000/1,50000/1
anchor-010-pct,H,OUTSIDE,100000/1,100000/1
anchor-020-pct,A,B,800000/1,640000/1
anchor-020-pct,A,OUTSIDE,200000/1,160000/1
anchor-020-pct,B,C,640000/1,552000/1
anchor-020-pct,B,OUTSIDE,160000/1,138000/1
anchor-020-pct,C,D,512000/1,481600/1
anchor-020-pct,C,OUTSIDE,128000/1,120400/1
anchor-020-pct,D,OUTSIDE,500000/1,500000/1
anchor-020-pct,E,F,300000/1,300000/1
anchor-020-pct,E,OUTSIDE,100000/1,100000/1
anchor-020-pct,F,E,220000/1,220000/1
anchor-020-pct,F,OUTSIDE,80000/1,80000/1
anchor-020-pct,G,E,50000/1,50000/1
anchor-020-pct,G,H,150000/1,150000/1
anchor-020-pct,G,OUTSIDE,50000/1,50000/1
anchor-020-pct,H,F,50000/1,50000/1
anchor-020-pct,H,OUTSIDE,100000/1,100000/1
anchor-030-pct,A,B,800000/1,560000/1
anchor-030-pct,A,OUTSIDE,200000/1,140000/1
anchor-030-pct,B,C,640000/1,488000/1
anchor-030-pct,B,OUTSIDE,160000/1,122000/1
anchor-030-pct,C,D,512000/1,430400/1
anchor-030-pct,C,OUTSIDE,128000/1,107600/1
anchor-030-pct,D,OUTSIDE,500000/1,480400/1
anchor-030-pct,E,F,300000/1,300000/1
anchor-030-pct,E,OUTSIDE,100000/1,100000/1
anchor-030-pct,F,E,220000/1,220000/1
anchor-030-pct,F,OUTSIDE,80000/1,80000/1
anchor-030-pct,G,E,50000/1,50000/1
anchor-030-pct,G,H,150000/1,150000/1
anchor-030-pct,G,OUTSIDE,50000/1,50000/1
anchor-030-pct,H,F,50000/1,50000/1
anchor-030-pct,H,OUTSIDE,100000/1,100000/1
anchor-040-pct,A,B,800000/1,480000/1
anchor-040-pct,A,OUTSIDE,200000/1,120000/1
anchor-040-pct,B,C,640000/1,424000/1
anchor-040-pct,B,OUTSIDE,160000/1,106000/1
anchor-040-pct,C,D,512000/1,379200/1
anchor-040-pct,C,OUTSIDE,128000/1,94800/1
anchor-040-pct,D,OUTSIDE,500000/1,429200/1
anchor-040-pct,E,F,300000/1,300000/1
anchor-040-pct,E,OUTSIDE,100000/1,100000/1
anchor-040-pct,F,E,220000/1,220000/1
anchor-040-pct,F,OUTSIDE,80000/1,80000/1
anchor-040-pct,G,E,50000/1,50000/1
anchor-040-pct,G,H,150000/1,150000/1
anchor-040-pct,G,OUTSIDE,50000/1,50000/1
anchor-040-pct,H,F,50000/1,50000/1
anchor-040-pct,H,OUTSIDE,100000/1,100000/1
anchor-050-pct,A,B,800000/1,400000/1
anchor-050-pct,A,OUTSIDE,200000/1,100000/1
anchor-050-pct,B,C,640000/1,360000/1
anchor-050-pct,B,OUTSIDE,160000/1,90000/1
anchor-050-pct,C,D,512000/1,328000/1
anchor-050-pct,C,OUTSIDE,128000/1,82000/1
anchor-050-pct,D,OUTSIDE,500000/1,378000/1
anchor-050-pct,E,F,300000/1,300000/1
anchor-050-pct,E,OUTSIDE,100000/1,100000/1
anchor-050-pct,F,E,220000/1,220000/1
anchor-050-pct,F,OUTSIDE,80000/1,80000/1
anchor-050-pct,G,E,50000/1,50000/1
anchor-050-pct,G,H,150000/1,150000/1
anchor-050-pct,G,OUTSIDE,50000/1,50000/1
anchor-050-pct,H,F,50000/1,50000/1
anchor-050-pct,H,OUTSIDE,100000/1,100000/1
anchor-060-pct,A,B,800000/1,320000/1
anchor-060-pct,A,OUTSIDE,200000/1,80000/1
anchor-060-pct,B,C,640000/1,296000/1
anchor-060-pct,B,OUTSIDE,160000/1,74000/1
anchor-060-pct,C,D,512000/1,276800/1
anchor-060-pct,C,OUTSIDE,128000/1,69200/1
anchor-060-pct,D,OUTSIDE,500000/1,326800/1
anchor-060-pct,E,F,300000/1,300000/1
anchor-060-pct,E,OUTSIDE,100000/1,100000/1
anchor-060-pct,F,E,220000/1,220000/1
anchor-060-pct,F,OUTSIDE,80000/1,80000/1
anchor-060-pct,G,E,50000/1,50000/1
anchor-060-pct,G,H,150000/1,150000/1
anchor-060-pct,G,OUTSIDE,50000/1,50000/1
anchor-060-pct,H,F,50000/1,50000/1
anchor-060-pct,H,OUTSIDE,100000/1,100000/1
anchor-070-pct,A,B,800000/1,240000/1
anchor-070-pct,A,OUTSIDE,200000/1,60000/1
anchor-070-pct,B,C,640000/1,232000/1
anchor-070-pct,B,OUTSIDE,160000/1,58000/1
anchor-070-pct,C,D,512000/1,225600/1
anchor-070-pct,C,OUTSIDE,128000/1,56400/1
anchor-070-pct,D,OUTSIDE,500000/1,275600/1
anchor-070-pct,E,F,300000/1,300000/1
anchor-070-pct,E,OUTSIDE,100000/1,100000/1
anchor-070-pct,F,E,220000/1,220000/1
anchor-070-pct,F,OUTSIDE,80000/1,80000/1
anchor-070-pct,G,E,50000/1,50000/1
anchor-070-pct,G,H,150000/1,150000/1
anchor-070-pct,G,OUTSIDE,50000/1,50000/1
anchor-070-pct,H,F,50000/1,50000/1
anchor-070-pct,H,OUTSIDE,100000/1,100000/1
anchor-080-pct,A,B,800000/1,160000/1
anchor-080-pct,A,OUTSIDE,200000/1,40000/1
anchor-080-pct,B,C,640000/1,168000/1
anchor-080-pct,B,OUTSIDE,160000/1,42000/1
anchor-080-pct,C,D,512000/1,174400/1
anchor-080-pct,C,OUTSIDE,128000/1,43600/1
anchor-080-pct,D,OUTSIDE,500000/1,224400/1
anchor-080-pct,E,F,300000/1,300000/1
anchor-080-pct,E,OUTSIDE,100000/1,100000/1
anchor-080-pct,F,E,220000/1,220000/1
anchor-080-pct,F,OUTSIDE,80000/1,80000/1
anchor-080-pct,G,E,50000/1,50000/1
anchor-080-pct,G,H,150000/1,150000/1
anchor-080-pct,G,OUTSIDE,50000/1,50000/1
anchor-080-pct,H,F,50000/1,50000/1
anchor-080-pct,H,OUTSIDE,100000/1,100000/1
anchor-090-pct,A,B,800000/1,80000/1
anchor-090-pct,A,OUTSIDE,200000/1,20000/1
anchor-090-pct,B,C,640000/1,104000/1
anchor-090-pct,B,OUTSIDE,160000/1,26000/1
anchor-090-pct,C,D,512000/1,123200/1
anchor-090-pct,C,OUTSIDE,128000/1,30800/1
anchor-090-pct,D,OUTSIDE,500000/1,173200/1
anchor-090-pct,E,F,300000/1,300000/1
anchor-090-pct,E,OUTSIDE,100000/1,100000/1
anchor-090-pct,F,E,220000/1,220000/1
anchor-090-pct,F,OUTSIDE,80000/1,80000/1
anchor-090-pct,G,E,50000/1,50000/1
anchor-090-pct,G,H,150000/1,150000/1
anchor-090-pct,G,OUTSIDE,50000/1,50000/1
anchor-090-pct,H,F,50000/1,50000/1
anchor-090-pct,H,OUTSIDE,100000/1,100000/1
anchor-100-pct,A,B,800000/1,0/1
anchor-100-pct,A,OUTSIDE,200000/1,0/1
anchor-100-pct,B,C,640000/1,40000/1
anchor-100-pct,B,OUTSIDE,160000/1,10000/1
anchor-100-pct,C,D,512000/1,72000/1
anchor-100-pct,C,OUTSIDE,128000/1,18000/1
anchor-100-pct,D,OUTSIDE,500000/1,122000/1
anchor-100-pct,E,F,300000/1,300000/1
anchor-100-pct,E,OUTSIDE,100000/1,100000/1
anchor-100-pct,F,E,220000/1,220000/1
anchor-100-pct,F,OUTSIDE,80000/1,80000/1
anchor-100-pct,G,E,50000/1,50000/1
anchor-100-pct,G,H,150000/1,150000/1
anchor-100-pct,G,OUTSIDE,50000/1,50000/1
anchor-100-pct,H,F,50000/1,50000/1
anchor-100-pct,H,OUTSIDE,100000/1,100000/1
broad-050-pct,A,B,800000/1,400000/1
broad-050-pct,A,OUTSIDE,200000/1,100000/1
broad-050-pct,B,C,640000/1,340000/1
broad-050-pct,B,OUTSIDE,160000/1,85000/1
broad-050-pct,C,D,512000/1,292000/1
broad-050-pct,C,OUTSIDE,128000/1,73000/1
broad-050-pct,D,OUTSIDE,500000/1,317000/1
broad-050-pct,E,F,300000/1,296250/1
broad-050-pct,E,OUTSIDE,100000/1,98750/1
broad-050-pct,F,E,220000/1,220000/1
broad-050-pct,F,OUTSIDE,80000/1,80000/1
broad-050-pct,G,E,50000/1,25000/1
broad-050-pct,G,H,150000/1,75000/1
broad-050-pct,G,OUTSIDE,50000/1,25000/1
broad-050-pct,H,F,50000/1,125000/3
broad-050-pct,H,OUTSIDE,100000/1,250000/3
cycle-090-pct,A,B,800000/1,800000/1
cycle-090-pct,A,OUTSIDE,200000/1,200000/1
cycle-090-pct,B,C,640000/1,640000/1
cycle-090-pct,B,OUTSIDE,160000/1,160000/1
cycle-090-pct,C,D,512000/1,512000/1
cycle-090-pct,C,OUTSIDE,128000/1,128000/1
cycle-090-pct,D,OUTSIDE,500000/1,500000/1
cycle-090-pct,E,F,300000/1,1915000/9
cycle-090-pct,E,OUTSIDE,100000/1,1915000/27
cycle-090-pct,F,E,220000/1,5500000/27
cycle-090-pct,F,OUTSIDE,80000/1,2000000/27
cycle-090-pct,G,E,50000/1,50000/1
cycle-090-pct,G,H,150000/1,150000/1
cycle-090-pct,G,OUTSIDE,50000/1,50000/1
cycle-090-pct,H,F,50000/1,50000/1
cycle-090-pct,H,OUTSIDE,100000/1,100000/1
anchor-050-rescue-anchor,A,B,800000/1,560000/1
anchor-050-rescue-anchor,A,OUTSIDE,200000/1,140000/1
anchor-050-rescue-anchor,B,C,640000/1,488000/1
anchor-050-rescue-anchor,B,OUTSIDE,160000/1,122000/1
anchor-050-rescue-anchor,C,D,512000/1,430400/1
anchor-050-rescue-anchor,C,OUTSIDE,128000/1,107600/1
anchor-050-rescue-anchor,D,OUTSIDE,500000/1,480400/1
anchor-050-rescue-anchor,E,F,300000/1,300000/1
anchor-050-rescue-anchor,E,OUTSIDE,100000/1,100000/1
anchor-050-rescue-anchor,F,E,220000/1,220000/1
anchor-050-rescue-anchor,F,OUTSIDE,80000/1,80000/1
anchor-050-rescue-anchor,G,E,50000/1,50000/1
anchor-050-rescue-anchor,G,H,150000/1,150000/1
anchor-050-rescue-anchor,G,OUTSIDE,50000/1,50000/1
anchor-050-rescue-anchor,H,F,50000/1,50000/1
anchor-050-rescue-anchor,H,OUTSIDE,100000/1,100000/1
anchor-050-rescue-equal,A,B,800000/1,420000/1
anchor-050-rescue-equal,A,OUTSIDE,200000/1,105000/1
anchor-050-rescue-equal,B,C,640000/1,396000/1
anchor-050-rescue-equal,B,OUTSIDE,160000/1,99000/1
anchor-050-rescue-equal,C,D,512000/1,376800/1
anchor-050-rescue-equal,C,OUTSIDE,128000/1,94200/1
anchor-050-rescue-equal,D,OUTSIDE,500000/1,451800/1
anchor-050-rescue-equal,E,F,300000/1,300000/1
anchor-050-rescue-equal,E,OUTSIDE,100000/1,100000/1
anchor-050-rescue-equal,F,E,220000/1,220000/1
anchor-050-rescue-equal,F,OUTSIDE,80000/1,80000/1
anchor-050-rescue-equal,G,E,50000/1,50000/1
anchor-050-rescue-equal,G,H,150000/1,150000/1
anchor-050-rescue-equal,G,OUTSIDE,50000/1,50000/1
anchor-050-rescue-equal,H,F,50000/1,50000/1
anchor-050-rescue-equal,H,OUTSIDE,100000/1,100000/1
