scenario,node,cash_cents,nominal_cents,paid_cents,paid_usd_display,incoming_cents,equity_cents,outside_paid_cents,recovery_ratio,default,residual_cents
anchor-000-pct,A,1000000/1,1000000/1,1000000/1,10000.00,0/1,0/1,200000/1,1/1,False,0/1
anchor-000-pct,B,50000/1,800000/1,800000/1,8000.00,800000/1,50000/1,160000/1,1/1,False,0/1
anchor-000-pct,C,50000/1,640000/1,640000/1,6400.00,640000/1,50000/1,128000/1,1/1,False,0/1
anchor-000-pct,D,50000/1,500000/1,500000/1,5000.00,512000/1,62000/1,500000/1,1/1,False,0/1
anchor-000-pct,E,300000/1,400000/1,400000/1,4000.00,270000/1,170000/1,100000/1,1/1,False,0/1
anchor-000-pct,F,150000/1,300000/1,300000/1,3000.00,350000/1,200000/1,80000/1,1/1,False,0/1
anchor-000-pct,G,250000/1,250000/1,250000/1,2500.00,0/1,0/1,50000/1,1/1,False,0/1
anchor-000-pct,H,100000/1,150000/1,150000/1,1500.00,150000/1,100000/1,100000/1,1/1,False,0/1
anchor-010-pct,A,900000/1,1000000/1,900000/1,9000.00,0/1,0/1,180000/1,9/10,True,0/1
anchor-010-pct,B,50000/1,800000/1,770000/1,7700.00,720000/1,0/1,154000/1,77/80,True,0/1
anchor-010-pct,C,50000/1,640000/1,640000/1,6400.00,616000/1,26000/1,128000/1,1/1,False,0/1
anchor-010-pct,D,50000/1,500000/1,500000/1,5000.00,512000/1,62000/1,500000/1,1/1,False,0/1
anchor-010-pct,E,300000/1,400000/1,400000/1,4000.00,270000/1,170000/1,100000/1,1/1,False,0/1
anchor-010-pct,F,150000/1,300000/1,300000/1,3000.00,350000/1,200000/1,80000/1,1/1,False,0/1
anchor-010-pct,G,250000/1,250000/1,250000/1,2500.00,0/1,0/1,50000/1,1/1,False,0/1
anchor-010-pct,H,100000/1,150000/1,150000/1,1500.00,150000/1,100000/1,100000/1,1/1,False,0/1
anchor-020-pct,A,800000/1,1000000/1,800000/1,8000.00,0/1,0/1,160000/1,4/5,True,0/1
anchor-020-pct,B,50000/1,800000/1,690000/1,6900.00,640000/1,0/1,138000/1,69/80,True,0/1
anchor-020-pct,C,50000/1,640000/1,602000/1,6020.00,552000/1,0/1,120400/1,301/320,True,0/1
anchor-020-pct,D,50000/1,500000/1,500000/1,5000.00,481600/1,31600/1,500000/1,1/1,False,0/1
anchor-020-pct,E,300000/1,400000/1,400000/1,4000.00,270000/1,170000/1,100000/1,1/1,False,0/1
anchor-020-pct,F,150000/1,300000/1,300000/1,3000.00,350000/1,200000/1,80000/1,1/1,False,0/1
anchor-020-pct,G,250000/1,250000/1,250000/1,2500.00,0/1,0/1,50000/1,1/1,False,0/1
anchor-020-pct,H,100000/1,150000/1,150000/1,1500.00,150000/1,100000/1,100000/1,1/1,False,0/1
anchor-030-pct,A,700000/1,1000000/1,700000/1,7000.00,0/1,0/1,140000/1,7/10,True,0/1
anchor-030-pct,B,50000/1,800000/1,610000/1,6100.00,560000/1,0/1,122000/1,61/80,True,0/1
anchor-030-pct,C,50000/1,640000/1,538000/1,5380.00,488000/1,0/1,107600/1,269/320,True,0/1
anchor-030-pct,D,50000/1,500000/1,480400/1,4804.00,430400/1,0/1,480400/1,1201/1250,True,0/1
anchor-030-pct,E,300000/1,400000/1,400000/1,4000.00,270000/1,170000/1,100000/1,1/1,False,0/1
anchor-030-pct,F,150000/1,300000/1,300000/1,3000.00,350000/1,200000/1,80000/1,1/1,False,0/1
anchor-030-pct,G,250000/1,250000/1,250000/1,2500.00,0/1,0/1,50000/1,1/1,False,0/1
anchor-030-pct,H,100000/1,150000/1,150000/1,1500.00,150000/1,100000/1,100000/1,1/1,False,0/1
anchor-040-pct,A,600000/1,1000000/1,600000/1,6000.00,0/1,0/1,120000/1,3/5,True,0/1
anchor-040-pct,B,50000/1,800000/1,530000/1,5300.00,480000/1,0/1,106000/1,53/80,True,0/1
anchor-040-pct,C,50000/1,640000/1,474000/1,4740.00,424000/1,0/1,94800/1,237/320,True,0/1
anchor-040-pct,D,50000/1,500000/1,429200/1,4292.00,379200/1,0/1,429200/1,1073/1250,True,0/1
anchor-040-pct,E,300000/1,400000/1,400000/1,4000.00,270000/1,170000/1,100000/1,1/1,False,0/1
anchor-040-pct,F,150000/1,300000/1,300000/1,3000.00,350000/1,200000/1,80000/1,1/1,False,0/1
anchor-040-pct,G,250000/1,250000/1,250000/1,2500.00,0/1,0/1,50000/1,1/1,False,0/1
anchor-040-pct,H,100000/1,150000/1,150000/1,1500.00,150000/1,100000/1,100000/1,1/1,False,0/1
anchor-050-pct,A,500000/1,1000000/1,500000/1,5000.00,0/1,0/1,100000/1,1/2,True,0/1
anchor-050-pct,B,50000/1,800000/1,450000/1,4500.00,400000/1,0/1,90000/1,9/16,True,0/1
anchor-050-pct,C,50000/1,640000/1,410000/1,4100.00,360000/1,0/1,82000/1,41/64,True,0/1
anchor-050-pct,D,50000/1,500000/1,378000/1,3780.00,328000/1,0/1,378000/1,189/250,True,0/1
anchor-050-pct,E,300000/1,400000/1,400000/1,4000.00,270000/1,170000/1,100000/1,1/1,False,0/1
anchor-050-pct,F,150000/1,300000/1,300000/1,3000.00,350000/1,200000/1,80000/1,1/1,False,0/1
anchor-050-pct,G,250000/1,250000/1,250000/1,2500.00,0/1,0/1,50000/1,1/1,False,0/1
anchor-050-pct,H,100000/1,150000/1,150000/1,1500.00,150000/1,100000/1,100000/1,1/1,False,0/1
anchor-060-pct,A,400000/1,1000000/1,400000/1,4000.00,0/1,0/1,80000/1,2/5,True,0/1
anchor-060-pct,B,50000/1,800000/1,370000/1,3700.00,320000/1,0/1,74000/1,37/80,True,0/1
anchor-060-pct,C,50000/1,640000/1,346000/1,3460.00,296000/1,0/1,69200/1,173/320,True,0/1
anchor-060-pct,D,50000/1,500000/1,326800/1,3268.00,276800/1,0/1,326800/1,817/1250,True,0/1
anchor-060-pct,E,300000/1,400000/1,400000/1,4000.00,270000/1,170000/1,100000/1,1/1,False,0/1
anchor-060-pct,F,150000/1,300000/1,300000/1,3000.00,350000/1,200000/1,80000/1,1/1,False,0/1
anchor-060-pct,G,250000/1,250000/1,250000/1,2500.00,0/1,0/1,50000/1,1/1,False,0/1
anchor-060-pct,H,100000/1,150000/1,150000/1,1500.00,150000/1,100000/1,100000/1,1/1,False,0/1
anchor-070-pct,A,300000/1,1000000/1,300000/1,3000.00,0/1,0/1,60000/1,3/10,True,0/1
anchor-070-pct,B,50000/1,800000/1,290000/1,2900.00,240000/1,0/1,58000/1,29/80,True,0/1
anchor-070-pct,C,50000/1,640000/1,282000/1,2820.00,232000/1,0/1,56400/1,141/320,True,0/1
anchor-070-pct,D,50000/1,500000/1,275600/1,2756.00,225600/1,0/1,275600/1,689/1250,True,0/1
anchor-070-pct,E,300000/1,400000/1,400000/1,4000.00,270000/1,170000/1,100000/1,1/1,False,0/1
anchor-070-pct,F,150000/1,300000/1,300000/1,3000.00,350000/1,200000/1,80000/1,1/1,False,0/1
anchor-070-pct,G,250000/1,250000/1,250000/1,2500.00,0/1,0/1,50000/1,1/1,False,0/1
anchor-070-pct,H,100000/1,150000/1,150000/1,1500.00,150000/1,100000/1,100000/1,1/1,False,0/1
anchor-080-pct,A,200000/1,1000000/1,200000/1,2000.00,0/1,0/1,40000/1,1/5,True,0/1
anchor-080-pct,B,50000/1,800000/1,210000/1,2100.00,160000/1,0/1,42000/1,21/80,True,0/1
anchor-080-pct,C,50000/1,640000/1,218000/1,2180.00,168000/1,0/1,43600/1,109/320,True,0/1
anchor-080-pct,D,50000/1,500000/1,224400/1,2244.00,174400/1,0/1,224400/1,561/1250,True,0/1
anchor-080-pct,E,300000/1,400000/1,400000/1,4000.00,270000/1,170000/1,100000/1,1/1,False,0/1
anchor-080-pct,F,150000/1,300000/1,300000/1,3000.00,350000/1,200000/1,80000/1,1/1,False,0/1
anchor-080-pct,G,250000/1,250000/1,250000/1,2500.00,0/1,0/1,50000/1,1/1,False,0/1
anchor-080-pct,H,100000/1,150000/1,150000/1,1500.00,150000/1,100000/1,100000/1,1/1,False,0/1
anchor-090-pct,A,100000/1,1000000/1,100000/1,1000.00,0/1,0/1,20000/1,1/10,True,0/1
anchor-090-pct,B,50000/1,800000/1,130000/1,1300.00,80000/1,0/1,26000/1,13/80,True,0/1
anchor-090-pct,C,50000/1,640000/1,154000/1,1540.00,104000/1,0/1,30800/1,77/320,True,0/1
anchor-090-pct,D,50000/1,500000/1,173200/1,1732.00,123200/1,0/1,173200/1,433/1250,True,0/1
anchor-090-pct,E,300000/1,400000/1,400000/1,4000.00,270000/1,170000/1,100000/1,1/1,False,0/1
anchor-090-pct,F,150000/1,300000/1,300000/1,3000.00,350000/1,200000/1,80000/1,1/1,False,0/1
anchor-090-pct,G,250000/1,250000/1,250000/1,2500.00,0/1,0/1,50000/1,1/1,False,0/1
anchor-090-pct,H,100000/1,150000/1,150000/1,1500.00,150000/1,100000/1,100000/1,1/1,False,0/1
anchor-100-pct,A,0/1,1000000/1,0/1,0.00,0/1,0/1,0/1,0/1,True,0/1
anchor-100-pct,B,50000/1,800000/1,50000/1,500.00,0/1,0/1,10000/1,1/16,True,0/1
anchor-100-pct,C,50000/1,640000/1,90000/1,900.00,40000/1,0/1,18000/1,9/64,True,0/1
anchor-100-pct,D,50000/1,500000/1,122000/1,1220.00,72000/1,0/1,122000/1,61/250,True,0/1
anchor-100-pct,E,300000/1,400000/1,400000/1,4000.00,270000/1,170000/1,100000/1,1/1,False,0/1
anchor-100-pct,F,150000/1,300000/1,300000/1,3000.00,350000/1,200000/1,80000/1,1/1,False,0/1
anchor-100-pct,G,250000/1,250000/1,250000/1,2500.00,0/1,0/1,50000/1,1/1,False,0/1
anchor-100-pct,H,100000/1,150000/1,150000/1,1500.00,150000/1,100000/1,100000/1,1/1,False,0/1
broad-050-pct,A,500000/1,1000000/1,500000/1,5000.00,0/1,0/1,100000/1,1/2,True,0/1
broad-050-pct,B,25000/1,800000/1,425000/1,4250.00,400000/1,0/1,85000/1,17/32,True,0/1
broad-050-pct,C,25000/1,640000/1,365000/1,3650.00,340000/1,0/1,73000/1,73/128,True,0/1
broad-050-pct,D,25000/1,500000/1,317000/1,3170.00,292000/1,0/1,317000/1,317/500,True,0/1
broad-050-pct,E,150000/1,400000/1,395000/1,3950.00,245000/1,0/1,98750/1,79/80,True,0/1
broad-050-pct,F,75000/1,300000/1,300000/1,3000.00,1013750/3,338750/3,80000/1,1/1,False,0/1
broad-050-pct,G,125000/1,250000/1,125000/1,1250.00,0/1,0/1,25000/1,1/2,True,0/1
broad-050-pct,H,50000/1,150000/1,125000/1,1250.00,75000/1,0/1,250000/3,5/6,True,0/1
cycle-090-pct,A,1000000/1,1000000/1,1000000/1,10000.00,0/1,0/1,200000/1,1/1,False,0/1
cycle-090-pct,B,50000/1,800000/1,800000/1,8000.00,800000/1,50000/1,160000/1,1/1,False,0/1
cycle-090-pct,C,50000/1,640000/1,640000/1,6400.00,640000/1,50000/1,128000/1,1/1,False,0/1
cycle-090-pct,D,50000/1,500000/1,500000/1,5000.00,512000/1,62000/1,500000/1,1/1,False,0/1
cycle-090-pct,E,30000/1,400000/1,7660000/27,2837.04,6850000/27,0/1,1915000/27,383/540,True,0/1
cycle-090-pct,F,15000/1,300000/1,2500000/9,2777.78,2365000/9,0/1,2000000/27,25/27,True,0/1
cycle-090-pct,G,250000/1,250000/1,250000/1,2500.00,0/1,0/1,50000/1,1/1,False,0/1
cycle-090-pct,H,100000/1,150000/1,150000/1,1500.00,150000/1,100000/1,100000/1,1/1,False,0/1
anchor-050-rescue-anchor,A,700000/1,1000000/1,700000/1,7000.00,0/1,0/1,140000/1,7/10,True,0/1
anchor-050-rescue-anchor,B,50000/1,800000/1,610000/1,6100.00,560000/1,0/1,122000/1,61/80,True,0/1
anchor-050-rescue-anchor,C,50000/1,640000/1,538000/1,5380.00,488000/1,0/1,107600/1,269/320,True,0/1
anchor-050-rescue-anchor,D,50000/1,500000/1,480400/1,4804.00,430400/1,0/1,480400/1,1201/1250,True,0/1
anchor-050-rescue-anchor,E,300000/1,400000/1,400000/1,4000.00,270000/1,170000/1,100000/1,1/1,False,0/1
anchor-050-rescue-anchor,F,150000/1,300000/1,300000/1,3000.00,350000/1,200000/1,80000/1,1/1,False,0/1
anchor-050-rescue-anchor,G,250000/1,250000/1,250000/1,2500.00,0/1,0/1,50000/1,1/1,False,0/1
anchor-050-rescue-anchor,H,100000/1,150000/1,150000/1,1500.00,150000/1,100000/1,100000/1,1/1,False,0/1
anchor-050-rescue-equal,A,525000/1,1000000/1,525000/1,5250.00,0/1,0/1,105000/1,21/40,True,0/1
anchor-050-rescue-equal,B,75000/1,800000/1,495000/1,4950.00,420000/1,0/1,99000/1,99/160,True,0/1
anchor-050-rescue-equal,C,75000/1,640000/1,471000/1,4710.00,396000/1,0/1,94200/1,471/640,True,0/1
anchor-050-rescue-equal,D,75000/1,500000/1,451800/1,4518.00,376800/1,0/1,451800/1,2259/2500,True,0/1
anchor-050-rescue-equal,E,325000/1,400000/1,400000/1,4000.00,270000/1,195000/1,100000/1,1/1,False,0/1
anchor-050-rescue-equal,F,175000/1,300000/1,300000/1,3000.00,350000/1,225000/1,80000/1,1/1,False,0/1
anchor-050-rescue-equal,G,275000/1,250000/1,250000/1,2500.00,0/1,25000/1,50000/1,1/1,False,0/1
anchor-050-rescue-equal,H,125000/1,150000/1,150000/1,1500.00,150000/1,125000/1,100000/1,1/1,False,0/1
