scenario,step,default_ids,payments_cents
anchor-010-pct,1,A,"{
  ""A"": ""900000/1"",
  ""B"": ""800000/1"",
  ""C"": ""640000/1"",
  ""D"": ""500000/1"",
  ""E"": ""400000/1"",
  ""F"": ""300000/1"",
  ""G"": ""250000/1"",
  ""H"": ""150000/1""
}"
anchor-010-pct,2,A;B,"{
  ""A"": ""900000/1"",
  ""B"": ""770000/1"",
  ""C"": ""640000/1"",
  ""D"": ""500000/1"",
  ""E"": ""400000/1"",
  ""F"": ""300000/1"",
  ""G"": ""250000/1"",
  ""H"": ""150000/1""
}"
anchor-020-pct,1,A,"{
  ""A"": ""800000/1"",
  ""B"": ""800000/1"",
  ""C"": ""640000/1"",
  ""D"": ""500000/1"",
  ""E"": ""400000/1"",
  ""F"": ""300000/1"",
  ""G"": ""250000/1"",
  ""H"": ""150000/1""
}"
anchor-020-pct,2,A;B,"{
  ""A"": ""800000/1"",
  ""B"": ""690000/1"",
  ""C"": ""640000/1"",
  ""D"": ""500000/1"",
  ""E"": ""400000/1"",
  ""F"": ""300000/1"",
  ""G"": ""250000/1"",
  ""H"": ""150000/1""
}"
anchor-020-pct,3,A;B;C,"{
  ""A"": ""800000/1"",
  ""B"": ""690000/1"",
  ""C"": ""602000/1"",
  ""D"": ""500000/1"",
  ""E"": ""400000/1"",
  ""F"": ""300000/1"",
  ""G"": ""250000/1"",
  ""H"": ""150000/1""
}"
anchor-030-pct,1,A,"{
  ""A"": ""700000/1"",
  ""B"": ""800000/1"",
  ""C"": ""640000/1"",
  ""D"": ""500000/1"",
  ""E"": ""400000/1"",
  ""F"": ""300000/1"",
  ""G"": ""250000/1"",
  ""H"": ""150000/1""
}"
anchor-030-pct,2,A;B,"{
  ""A"": ""700000/1"",
  ""B"": ""610000/1"",
  ""C"": ""640000/1"",
  ""D"": ""500000/1"",
  ""E"": ""400000/1"",
  ""F"": ""300000/1"",
  ""G"": ""250000/1"",
  ""H"": ""150000/1""
}"
anchor-030-pct,3,A;B;C,"{
  ""A"": ""700000/1"",
  ""B"": ""610000/1"",
  ""C"": ""538000/1"",
  ""D"": ""500000/1"",
  ""E"": ""400000/1"",
  ""F"": ""300000/1"",
  ""G"": ""250000/1"",
  ""H"": ""150000/1""
}"
anchor-030-pct,4,A;B;C;D,"{
  ""A"": ""700000/1"",
  ""B"": ""610000/1"",
  ""C"": ""538000/1"",
  ""D"": ""480400/1"",
  ""E"": ""400000/1"",
  ""F"": ""300000/1"",
  ""G"": ""250000/1"",
  ""H"": ""150000/1""
}"
anchor-040-pct,1,A,"{
  ""A"": ""600000/1"",
  ""B"": ""800000/1"",
  ""C"": ""640000/1"",
  ""D"": ""500000/1"",
  ""E"": ""400000/1"",
  ""F"": ""300000/1"",
  ""G"": ""250000/1"",
  ""H"": ""150000/1""
}"
anchor-040-pct,2,A;B,"{
  ""A"": ""600000/1"",
  ""B"": ""530000/1"",
  ""C"": ""640000/1"",
  ""D"": ""500000/1"",
  ""E"": ""400000/1"",
  ""F"": ""300000/1"",
  ""G"": ""250000/1"",
  ""H"": ""150000/1""
}"
anchor-040-pct,3,A;B;C,"{
  ""A"": ""600000/1"",
  ""B"": ""530000/1"",
  ""C"": ""474000/1"",
  ""D"": ""500000/1"",
  ""E"": ""400000/1"",
  ""F"": ""300000/1"",
  ""G"": ""250000/1"",
  ""H"": ""150000/1""
}"
anchor-040-pct,4,A;B;C;D,"{
  ""A"": ""600000/1"",
  ""B"": ""530000/1"",
  ""C"": ""474000/1"",
  ""D"": ""429200/1"",
  ""E"": ""400000/1"",
  ""F"": ""300000/1"",
  ""G"": ""250000/1"",
  ""H"": ""150000/1""
}"
anchor-050-pct,1,A,"{
  ""A"": ""500000/1"",
  ""B"": ""800000/1"",
  ""C"": ""640000/1"",
  ""D"": ""500000/1"",
  ""E"": ""400000/1"",
  ""F"": ""300000/1"",
  ""G"": ""250000/1"",
  ""H"": ""150000/1""
}"
anchor-050-pct,2,A;B,"{
  ""A"": ""500000/1"",
  ""B"": ""450000/1"",
  ""C"": ""640000/1"",
  ""D"": ""500000/1"",
  ""E"": ""400000/1"",
  ""F"": ""300000/1"",
  ""G"": ""250000/1"",
  ""H"": ""150000/1""
}"
anchor-050-pct,3,A;B;C,"{
  ""A"": ""500000/1"",
  ""B"": ""450000/1"",
  ""C"": ""410000/1"",
  ""D"": ""500000/1"",
  ""E"": ""400000/1"",
  ""F"": ""300000/1"",
  ""G"": ""250000/1"",
  ""H"": ""150000/1""
}"
anchor-050-pct,4,A;B;C;D,"{
  ""A"": ""500000/1"",
  ""B"": ""450000/1"",
  ""C"": ""410000/1"",
  ""D"": ""378000/1"",
  ""E"": ""400000/1"",
  ""F"": ""300000/1"",
  ""G"": ""250000/1"",
  ""H"": ""150000/1""
}"
anchor-060-pct,1,A,"{
  ""A"": ""400000/1"",
  ""B"": ""800000/1"",
  ""C"": ""640000/1"",
  ""D"": ""500000/1"",
  ""E"": ""400000/1"",
  ""F"": ""300000/1"",
  ""G"": ""250000/1"",
  ""H"": ""150000/1""
}"
anchor-060-pct,2,A;B,"{
  ""A"": ""400000/1"",
  ""B"": ""370000/1"",
  ""C"": ""640000/1"",
  ""D"": ""500000/1"",
  ""E"": ""400000/1"",
  ""F"": ""300000/1"",
  ""G"": ""250000/1"",
  ""H"": ""150000/1""
}"
anchor-060-pct,3,A;B;C,"{
  ""A"": ""400000/1"",
  ""B"": ""370000/1"",
  ""C"": ""346000/1"",
  ""D"": ""500000/1"",
  ""E"": ""400000/1"",
  ""F"": ""300000/1"",
  ""G"": ""250000/1"",
  ""H"": ""150000/1""
}"
anchor-060-pct,4,A;B;C;D,"{
  ""A"": ""400000/1"",
  ""B"": ""370000/1"",
  ""C"": ""346000/1"",
  ""D"": ""326800/1"",
  ""E"": ""400000/1"",
  ""F"": ""300000/1"",
  ""G"": ""250000/1"",
  ""H"": ""150000/1""
}"
anchor-070-pct,1,A,"{
  ""A"": ""300000/1"",
  ""B"": ""800000/1"",
  ""C"": ""640000/1"",
  ""D"": ""500000/1"",
  ""E"": ""400000/1"",
  ""F"": ""300000/1"",
  ""G"": ""250000/1"",
  ""H"": ""150000/1""
}"
anchor-070-pct,2,A;B,"{
  ""A"": ""300000/1"",
  ""B"": ""290000/1"",
  ""C"": ""640000/1"",
  ""D"": ""500000/1"",
  ""E"": ""400000/1"",
  ""F"": ""300000/1"",
  ""G"": ""250000/1"",
  ""H"": ""150000/1""
}"
anchor-070-pct,3,A;B;C,"{
  ""A"": ""300000/1"",
  ""B"": ""290000/1"",
  ""C"": ""282000/1"",
  ""D"": ""500000/1"",
  ""E"": ""400000/1"",
  ""F"": ""300000/1"",
  ""G"": ""250000/1"",
  ""H"": ""150000/1""
}"
anchor-070-pct,4,A;B;C;D,"{
  ""A"": ""300000/1"",
  ""B"": ""290000/1"",
  ""C"": ""282000/1"",
  ""D"": ""275600/1"",
  ""E"": ""400000/1"",
  ""F"": ""300000/1"",
  ""G"": ""250000/1"",
  ""H"": ""150000/1""
}"
anchor-080-pct,1,A,"{
  ""A"": ""200000/1"",
  ""B"": ""800000/1"",
  ""C"": ""640000/1"",
  ""D"": ""500000/1"",
  ""E"": ""400000/1"",
  ""F"": ""300000/1"",
  ""G"": ""250000/1"",
  ""H"": ""150000/1""
}"
anchor-080-pct,2,A;B,"{
  ""A"": ""200000/1"",
  ""B"": ""210000/1"",
  ""C"": ""640000/1"",
  ""D"": ""500000/1"",
  ""E"": ""400000/1"",
  ""F"": ""300000/1"",
  ""G"": ""250000/1"",
  ""H"": ""150000/1""
}"
anchor-080-pct,3,A;B;C,"{
  ""A"": ""200000/1"",
  ""B"": ""210000/1"",
  ""C"": ""218000/1"",
  ""D"": ""500000/1"",
  ""E"": ""400000/1"",
  ""F"": ""300000/1"",
  ""G"": ""250000/1"",
  ""H"": ""150000/1""
}"
anchor-080-pct,4,A;B;C;D,"{
  ""A"": ""200000/1"",
  ""B"": ""210000/1"",
  ""C"": ""218000/1"",
  ""D"": ""224400/1"",
  ""E"": ""400000/1"",
  ""F"": ""300000/1"",
  ""G"": ""250000/1"",
  ""H"": ""150000/1""
}"
anchor-090-pct,1,A,"{
  ""A"": ""100000/1"",
  ""B"": ""800000/1"",
  ""C"": ""640000/1"",
  ""D"": ""500000/1"",
  ""E"": ""400000/1"",
  ""F"": ""300000/1"",
  ""G"": ""250000/1"",
  ""H"": ""150000/1""
}"
anchor-090-pct,2,A;B,"{
  ""A"": ""100000/1"",
  ""B"": ""130000/1"",
  ""C"": ""640000/1"",
  ""D"": ""500000/1"",
  ""E"": ""400000/1"",
  ""F"": ""300000/1"",
  ""G"": ""250000/1"",
  ""H"": ""150000/1""
}"
anchor-090-pct,3,A;B;C,"{
  ""A"": ""100000/1"",
  ""B"": ""130000/1"",
  ""C"": ""154000/1"",
  ""D"": ""500000/1"",
  ""E"": ""400000/1"",
  ""F"": ""300000/1"",
  ""G"": ""250000/1"",
  ""H"": ""150000/1""
}"
anchor-090-pct,4,A;B;C;D,"{
  ""A"": ""100000/1"",
  ""B"": ""130000/1"",
  ""C"": ""154000/1"",
  ""D"": ""173200/1"",
  ""E"": ""400000/1"",
  ""F"": ""300000/1"",
  ""G"": ""250000/1"",
  ""H"": ""150000/1""
}"
anchor-100-pct,1,A,"{
  ""A"": ""0/1"",
  ""B"": ""800000/1"",
  ""C"": ""640000/1"",
  ""D"": ""500000/1"",
  ""E"": ""400000/1"",
  ""F"": ""300000/1"",
  ""G"": ""250000/1"",
  ""H"": ""150000/1""
}"
anchor-100-pct,2,A;B,"{
  ""A"": ""0/1"",
  ""B"": ""50000/1"",
  ""C"": ""640000/1"",
  ""D"": ""500000/1"",
  ""E"": ""400000/1"",
  ""F"": ""300000/1"",
  ""G"": ""250000/1"",
  ""H"": ""150000/1""
}"
anchor-100-pct,3,A;B;C,"{
  ""A"": ""0/1"",
  ""B"": ""50000/1"",
  ""C"": ""90000/1"",
  ""D"": ""500000/1"",
  ""E"": ""400000/1"",
  ""F"": ""300000/1"",
  ""G"": ""250000/1"",
  ""H"": ""150000/1""
}"
anchor-100-pct,4,A;B;C;D,"{
  ""A"": ""0/1"",
  ""B"": ""50000/1"",
  ""C"": ""90000/1"",
  ""D"": ""122000/1"",
  ""E"": ""400000/1"",
  ""F"": ""300000/1"",
  ""G"": ""250000/1"",
  ""H"": ""150000/1""
}"
broad-050-pct,1,A;G,"{
  ""A"": ""500000/1"",
  ""B"": ""800000/1"",
  ""C"": ""640000/1"",
  ""D"": ""500000/1"",
  ""E"": ""400000/1"",
  ""F"": ""300000/1"",
  ""G"": ""125000/1"",
  ""H"": ""150000/1""
}"
broad-050-pct,2,A;B;E;G;H,"{
  ""A"": ""500000/1"",
  ""B"": ""425000/1"",
  ""C"": ""640000/1"",
  ""D"": ""500000/1"",
  ""E"": ""395000/1"",
  ""F"": ""300000/1"",
  ""G"": ""125000/1"",
  ""H"": ""125000/1""
}"
broad-050-pct,3,A;B;C;E;G;H,"{
  ""A"": ""500000/1"",
  ""B"": ""425000/1"",
  ""C"": ""365000/1"",
  ""D"": ""500000/1"",
  ""E"": ""395000/1"",
  ""F"": ""300000/1"",
  ""G"": ""125000/1"",
  ""H"": ""125000/1""
}"
broad-050-pct,4,A;B;C;D;E;G;H,"{
  ""A"": ""500000/1"",
  ""B"": ""425000/1"",
  ""C"": ""365000/1"",
  ""D"": ""317000/1"",
  ""E"": ""395000/1"",
  ""F"": ""300000/1"",
  ""G"": ""125000/1"",
  ""H"": ""125000/1""
}"
cycle-090-pct,1,E,"{
  ""A"": ""1000000/1"",
  ""B"": ""800000/1"",
  ""C"": ""640000/1"",
  ""D"": ""500000/1"",
  ""E"": ""300000/1"",
  ""F"": ""300000/1"",
  ""G"": ""250000/1"",
  ""H"": ""150000/1""
}"
cycle-090-pct,2,E;F,"{
  ""A"": ""1000000/1"",
  ""B"": ""800000/1"",
  ""C"": ""640000/1"",
  ""D"": ""500000/1"",
  ""E"": ""7660000/27"",
  ""F"": ""2500000/9"",
  ""G"": ""250000/1"",
  ""H"": ""150000/1""
}"
anchor-050-rescue-anchor,1,A,"{
  ""A"": ""700000/1"",
  ""B"": ""800000/1"",
  ""C"": ""640000/1"",
  ""D"": ""500000/1"",
  ""E"": ""400000/1"",
  ""F"": ""300000/1"",
  ""G"": ""250000/1"",
  ""H"": ""150000/1""
}"
anchor-050-rescue-anchor,2,A;B,"{
  ""A"": ""700000/1"",
  ""B"": ""610000/1"",
  ""C"": ""640000/1"",
  ""D"": ""500000/1"",
  ""E"": ""400000/1"",
  ""F"": ""300000/1"",
  ""G"": ""250000/1"",
  ""H"": ""150000/1""
}"
anchor-050-rescue-anchor,3,A;B;C,"{
  ""A"": ""700000/1"",
  ""B"": ""610000/1"",
  ""C"": ""538000/1"",
  ""D"": ""500000/1"",
  ""E"": ""400000/1"",
  ""F"": ""300000/1"",
  ""G"": ""250000/1"",
  ""H"": ""150000/1""
}"
anchor-050-rescue-anchor,4,A;B;C;D,"{
  ""A"": ""700000/1"",
  ""B"": ""610000/1"",
  ""C"": ""538000/1"",
  ""D"": ""480400/1"",
  ""E"": ""400000/1"",
  ""F"": ""300000/1"",
  ""G"": ""250000/1"",
  ""H"": ""150000/1""
}"
anchor-050-rescue-equal,1,A,"{
  ""A"": ""525000/1"",
  ""B"": ""800000/1"",
  ""C"": ""640000/1"",
  ""D"": ""500000/1"",
  ""E"": ""400000/1"",
  ""F"": ""300000/1"",
  ""G"": ""250000/1"",
  ""H"": ""150000/1""
}"
anchor-050-rescue-equal,2,A;B,"{
  ""A"": ""525000/1"",
  ""B"": ""495000/1"",
  ""C"": ""640000/1"",
  ""D"": ""500000/1"",
  ""E"": ""400000/1"",
  ""F"": ""300000/1"",
  ""G"": ""250000/1"",
  ""H"": ""150000/1""
}"
anchor-050-rescue-equal,3,A;B;C,"{
  ""A"": ""525000/1"",
  ""B"": ""495000/1"",
  ""C"": ""471000/1"",
  ""D"": ""500000/1"",
  ""E"": ""400000/1"",
  ""F"": ""300000/1"",
  ""G"": ""250000/1"",
  ""H"": ""150000/1""
}"
anchor-050-rescue-equal,4,A;B;C;D,"{
  ""A"": ""525000/1"",
  ""B"": ""495000/1"",
  ""C"": ""471000/1"",
  ""D"": ""451800/1"",
  ""E"": ""400000/1"",
  ""F"": ""300000/1"",
  ""G"": ""250000/1"",
  ""H"": ""150000/1""
}"
